<?xml version="1.0" encoding="UTF-8"?>
<beans xmlns="http://www.springframework.org/schema/beans"
	xmlns:xsi="http://www.w3.org/2001/XMLSchema-instance"
	xmlns:mvc="http://www.springframework.org/schema/mvc"
	xmlns:context="http://www.springframework.org/schema/context"
	xsi:schemaLocation="http://www.springframework.org/schema/mvc http://www.springframework.org/schema/mvc/spring-mvc-4.3.xsd
		http://www.springframework.org/schema/beans https://www.springframework.org/schema/beans/spring-beans.xsd
		http://www.springframework.org/schema/context http://www.springframework.org/schema/context/spring-context-4.3.xsd">
	
    <mvc:annotation-driven />
    <mvc:default-servlet-handler/>
 
  
    <mvc:view-controller path="/" view-name="main"/>
    <mvc:view-controller path="/loginForm" view-name="loginForm"/><!-- loginForm.jsp -->    
    <mvc:view-controller path="/memberForm" view-name="memberForm"/><!-- memberForm.jsp  -->
    
    
    <bean   class="org.springframework.web.servlet.view.InternalResourceViewResolver">
     <property name="prefix" value="/WEB-INF/views/" />
     <property name="suffix" value=".jsp" />
    </bean>
    
    <context:component-scan base-package="com.*" /><!-- Controller 빈 등록  -->
    <!--  @Controller, @Service, @Repository @Component  자동 빈등록, @Autowired 활성화 -->
    
		
</beans>
