<?xml version="1.0" encoding="UTF-8"?>
<beans xmlns="http://www.springframework.org/schema/beans"
	xmlns:xsi="http://www.w3.org/2001/XMLSchema-instance"
	xmlns:context="http://www.springframework.org/schema/context"
	xmlns:mvc="http://www.springframework.org/schema/mvc"
	xsi:schemaLocation="http://www.springframework.org/schema/mvc https://www.springframework.org/schema/mvc/spring-mvc.xsd
		http://www.springframework.org/schema/beans https://www.springframework.org/schema/beans/spring-beans.xsd
		http://www.springframework.org/schema/context http://www.springframework.org/schema/context/spring-context-4.3.xsd">
<mvc:annotation-driven></mvc:annotation-driven><!-- mvc기본태그 -->
<mvc:default-servlet-handler/><!-- mvc기본태그 -->

<mvc:view-controller path="/" view-name="main"/>
<mvc:view-controller path="/memberForm" view-name="memberForm"/>
<mvc:view-controller path="/loginForm" view-name="loginForm"/>

<context:component-scan base-package="com.*"></context:component-scan><!-- repoistory,service, controller 생성 -->

<bean class="org.springframework.web.servlet.view.InternalResourceViewResolver">
	<property name="prefix" value="/WEB-INF/views/"></property>
	<property name="suffix" value=".jsp"></property>
</bean>
</beans>
