<?xml version="1.0" encoding="UTF-8"?>
<beans xmlns="http://www.springframework.org/schema/beans"
	xmlns:xsi="http://www.w3.org/2001/XMLSchema-instance"
	xmlns:mvc="http://www.springframework.org/schema/mvc"
	xmlns:context="http://www.springframework.org/schema/context"
	xsi:schemaLocation="http://www.springframework.org/schema/mvc http://www.springframework.org/schema/mvc/spring-mvc-4.3.xsd
		http://www.springframework.org/schema/beans https://www.springframework.org/schema/beans/spring-beans.xsd
		http://www.springframework.org/schema/context http://www.springframework.org/schema/context/spring-context-4.3.xsd">
	
    <mvc:annotation-driven />
    <mvc:default-servlet-handler/>
 
  
   <!--  <mvc:view-controller path="/" view-name="main"/> --><!-- / : main.jsp =>mainController에서 처러 -->
    <mvc:view-controller path="/memberForm" view-name="memberForm"/>
    <mvc:view-controller path="/loginForm" view-name="loginForm"/>
    <mvc:view-controller path="/myPage" view-name="mypage"/>
    <mvc:view-controller path="/cartList" view-name="cartList"/>
    
    <mvc:resources location="/WEB-INF/views/images/" mapping="/images/**" />
    <mvc:resources location="/WEB-INF/views/css/" mapping="/css/**" />
    <mvc:resources location="/WEB-INF/views/js/" mapping="/js/**" />
    
    <mvc:interceptors>
      <mvc:interceptor>
        <mvc:mapping path="/loginCheck/**"/>
        <ref bean="loginCheckInterceptor"/>
      </mvc:interceptor>
    </mvc:interceptors>
    
    <bean id="loginCheckInterceptor" class="com.interceptor.LoginCheckInterceptor" />
    
    <bean 
    class="org.springframework.web.servlet.view.InternalResourceViewResolver">
     <property name="prefix" value="/WEB-INF/views/" />
     <property name="suffix" value=".jsp" />
    </bean>
    
    
    
    <context:component-scan base-package="com.*" />
    
		
</beans>
